<?xml version="1.0" encoding="utf-8" ?>
<tincan xmlns:xsi="http://www.w3.org/2001/XMLSchema-instance" xmlns:xsd="http://www.w3.org/2001/XMLSchema" xmlns="http://projecttincan.com/tincan.xsd">
  <activities>
    <activity id="http://Oc2fcu1kOnblZoBu_0GcudpnLtLjd1lB_rise" type="http://adlnet.gov/expapi/activities/course">
      <name lang="en-US">Promises of Concept for AI-Tutor Powered HPL Course</name>
      <description lang="en-US">The advent of Large Language Models (LLMs) like ChatGPT, Ving, Bard, and Claude, with their capacity for generating expansive, human-like text, has ushered in new prospects for personalized learning. It also raises important questions regarding the evolving role of teachers. Personalized learning is expected to boost student engagement, motivation, and outcomes by delivering an educational experience tailored to the unique learning trajectories of each student. Integrating AI-tutor assistance into HPL online course demands a multifaceted approach. Aimed at developing a prototype for an AI-tutor driven HPL course, this project delves into previous user experiences. It aims to reveal both functional and pedagogical benefits for students and faculty within the HPL context.</description>
      <launch lang="en-US">index.html</launch>
    </activity>
      <activity id="http://Oc2fcu1kOnblZoBu_0GcudpnLtLjd1lB_rise/z_NJ-iK6Ps1Gf0hkRh6yyeaqB_DtiCOz" type="http://adlnet.gov/expapi/activities/module">
      <name lang="en-US">Introduction/section</name>
      <description lang="en-US"></description>
    </activity>
          <activity id="http://Oc2fcu1kOnblZoBu_0GcudpnLtLjd1lB_rise/tOze5sgYhk5dQtssQpgrwcFFbNBreUh2" type="http://adlnet.gov/expapi/activities/module">
      <name lang="en-US">Course Objectives/blocks</name>
      <description lang="en-US"></description>
    </activity>
          <activity id="http://Oc2fcu1kOnblZoBu_0GcudpnLtLjd1lB_rise/imYl4jTGV3GIpuiW89H6LlXdrTr60Auw" type="http://adlnet.gov/expapi/activities/module">
      <name lang="en-US">Learning Context/blocks</name>
      <description lang="en-US"></description>
    </activity>
          <activity id="http://Oc2fcu1kOnblZoBu_0GcudpnLtLjd1lB_rise/D2UJy-Lwv_SxQY0RGDLQ2cMH0-3blsd8" type="http://adlnet.gov/expapi/activities/module">
      <name lang="en-US">Problem Statement/blocks</name>
      <description lang="en-US"></description>
    </activity>
          <activity id="http://Oc2fcu1kOnblZoBu_0GcudpnLtLjd1lB_rise/8cRnpm7u3MXEFvBbJRKIg9SQ-iRsfl7x" type="http://adlnet.gov/expapi/activities/module">
      <name lang="en-US">Target Audience/blocks</name>
      <description lang="en-US"></description>
    </activity>
          <activity id="http://Oc2fcu1kOnblZoBu_0GcudpnLtLjd1lB_rise/6BsS3UcDEIv76NL3fgdum_wUm2rWq1u8" type="http://adlnet.gov/expapi/activities/module">
      <name lang="en-US">UnDERSTANDING AI-TUTOR PERSONAS/section</name>
      <description lang="en-US"></description>
    </activity>
          <activity id="http://Oc2fcu1kOnblZoBu_0GcudpnLtLjd1lB_rise/ZFXu3y-IVb6c6hbv_A0K3kpJKoN1rKq_" type="http://adlnet.gov/expapi/activities/module">
      <name lang="en-US">Persona Creation by Structured Prompts/blocks</name>
      <description lang="en-US"></description>
    </activity>
          <activity id="http://Oc2fcu1kOnblZoBu_0GcudpnLtLjd1lB_rise/9I21bYco3uJM-YLj0OqZaoAYvoZc9dC0" type="http://adlnet.gov/expapi/activities/module">
      <name lang="en-US">Domain-specific AI-tutor/blocks</name>
      <description lang="en-US"></description>
    </activity>
          <activity id="http://Oc2fcu1kOnblZoBu_0GcudpnLtLjd1lB_rise/nGZYUNmIqiWTLGT6inOWMqPZBxAQ2o96" type="http://adlnet.gov/expapi/activities/module">
      <name lang="en-US">Functional Promises for AI-Tutor Powered HPL Course for learners /section</name>
      <description lang="en-US"></description>
    </activity>
          <activity id="http://Oc2fcu1kOnblZoBu_0GcudpnLtLjd1lB_rise/LzIBZooJsLwSiTTSfrIO8p6i8Bi0BUab" type="http://adlnet.gov/expapi/activities/module">
      <name lang="en-US">Clear Understanding in Key Concepts/blocks</name>
      <description lang="en-US"></description>
    </activity>
          <activity id="http://Oc2fcu1kOnblZoBu_0GcudpnLtLjd1lB_rise/8jysygdUSPUZvBNyvFtiJQVrdr8Wp0H9" type="http://adlnet.gov/expapi/activities/module">
      <name lang="en-US">Personalized Connection/blocks</name>
      <description lang="en-US"></description>
    </activity>
          <activity id="http://Oc2fcu1kOnblZoBu_0GcudpnLtLjd1lB_rise/3xKtu8F5lEvw62HbbcUpGxQF7xttq_VE" type="http://adlnet.gov/expapi/activities/module">
      <name lang="en-US">Writing Feedback Process/blocks</name>
      <description lang="en-US"></description>
    </activity>
          <activity id="http://Oc2fcu1kOnblZoBu_0GcudpnLtLjd1lB_rise/KvZvqqXdkbOoQBHJRDeTzURVdnJpbbzX" type="http://adlnet.gov/expapi/activities/module">
      <name lang="en-US">Pedagogical promises for ai-tutor powered hpl course for faculty /section</name>
      <description lang="en-US"></description>
    </activity>
          <activity id="http://Oc2fcu1kOnblZoBu_0GcudpnLtLjd1lB_rise/wO-4URCYVTT7GTCFeG_kDnAaER9Nk_tP" type="http://adlnet.gov/expapi/activities/module">
      <name lang="en-US">Course Standpoint/blocks</name>
      <description lang="en-US"></description>
    </activity>
          <activity id="http://Oc2fcu1kOnblZoBu_0GcudpnLtLjd1lB_rise/0R8Lmj98A8DI-wqTVnYopLhcGfPBqxCM" type="http://adlnet.gov/expapi/activities/module">
      <name lang="en-US">Activity and Example Ideas/blocks</name>
      <description lang="en-US"></description>
    </activity>
          <activity id="http://Oc2fcu1kOnblZoBu_0GcudpnLtLjd1lB_rise/jOjPk5FG8977l46AQUTX7NIHnaUiZ61K" type="http://adlnet.gov/expapi/activities/module">
      <name lang="en-US">EVALUATION AND FEEDBACK/section</name>
      <description lang="en-US"></description>
    </activity>
          <activity id="http://Oc2fcu1kOnblZoBu_0GcudpnLtLjd1lB_rise/H4KeVALfo3NX6j-p9qoMT5WZaqCwUZ81" type="http://adlnet.gov/expapi/activities/module">
      <name lang="en-US">Pilot Testing and Iteration/blocks</name>
      <description lang="en-US"></description>
    </activity>
          <activity id="http://Oc2fcu1kOnblZoBu_0GcudpnLtLjd1lB_rise/cdGdbrKl72Xnt7d9Z95I3-aKbZ_nWFRs" type="http://adlnet.gov/expapi/activities/module">
      <name lang="en-US">Open Discussion and Questions/blocks</name>
      <description lang="en-US"></description>
    </activity>
        </activities>
</tincan>
